dataset,condition,classifier,GM,Kappa,MCC,F1,Precision,Recall
blood,Original,AdaBoost,0.5344763612642749,0.30401465060729443,0.334944496696179,0.4108988835238388,0.6336232656232657,0.3129411764705882
blood,Original,CART,0.4875092346177317,0.14796731634857,0.15171325008316,0.32263228280970246,0.37608122811141387,0.29026143790849673
blood,Original,GB,0.507712424714881,0.2445896560181554,0.2648062803856458,0.3674839172699027,0.5355690420690421,0.289281045751634
blood,Original,KNN,0.5004053287908566,0.22347815381915723,0.24319381110179517,0.35428627511401567,0.5164826660267837,0.2871241830065359
blood,Original,NB,0.40786417883881754,0.1418011416960014,0.16220077341043107,0.2617498851746016,0.4484886224886225,0.19111111111111106
blood,Original,RF,0.5015676399163754,0.19445222431334752,0.20109500416622592,0.3469873790216759,0.4298738151253631,0.299281045751634
blood,Original,SGD-LR,0.24213346212788028,0.08261347430535018,0.10847608962859669,0.2043341066666726,0.16930478993537407,0.34431372549019607
blood,Original,SVM,0.11643784290926654,0.036396846019825416,0.07995266701707517,0.05547535505430241,0.4,0.030261437908496714
blood,Original,XGBoost,0.5229590025818854,0.21670399031765747,0.22386385009314236,0.3684552600546149,0.45059992948228245,0.3211764705882353
blood,RN-SMOTE,AdaBoost,0.674117619155381,0.27970280274897613,0.30837461293465124,0.4990291268886963,0.39051231133190195,0.6994771241830066
blood,RN-SMOTE,CART,0.5424714734615168,0.14665819141102324,0.1488569369602838,0.36375030073469783,0.3417513146005842,0.39666666666666667
blood,RN-SMOTE,GB,0.6521196415847829,0.2770215262806914,0.2883000131226813,0.47932643783181483,0.408770735137073,0.5881045751633986
blood,RN-SMOTE,KNN,0.6206560184045579,0.23645776881103386,0.2439830158246049,0.44631359284199623,0.3897654721204363,0.5318954248366013
blood,RN-SMOTE,NB,0.6572566377109302,0.25423582098147807,0.2924661932604841,0.48778522063143837,0.3753775805289274,0.7245751633986929
blood,RN-SMOTE,RF,0.5756588719632159,0.19227511913646794,0.19504150665576184,0.3997364724985909,0.3702493281418693,0.4410457516339869
blood,RN-SMOTE,SGD-LR,0.40443776254763975,0.12701508386510807,0.1833900871254171,0.32973917998536045,0.2581068761838037,0.6030065359477124
blood,RN-SMOTE,SVM,0.613194270006263,0.1835786614859968,0.20505035138567343,0.4353800107210084,0.3377785310722552,0.6236601307189542
blood,RN-SMOTE,XGBoost,0.587673168342195,0.20801959574709136,0.21156928858080742,0.41296716369220926,0.3784836132823874,0.461437908496732
blood,SMOTE,AdaBoost,0.6762966305702487,0.29866272057751664,0.3186916068867052,0.5033903669645798,0.41111264999137653,0.6593464052287581
blood,SMOTE,CART,0.5180718688761689,0.12206215942982199,0.12326514147207947,0.33847554486666526,0.3266567266336212,0.35732026143790846
blood,SMOTE,GB,0.6417056405239818,0.292160013247676,0.297391581720478,0.4768469050012439,0.4363365445429276,0.5354248366013072
blood,SMOTE,KNN,0.6282089971224142,0.25885394802287337,0.2644020008237204,0.4581067774811748,0.4093324955700425,0.5283006535947713
blood,SMOTE,NB,0.5670954588374052,0.2231022407259927,0.2302846088082057,0.4035438833819456,0.41534349253660985,0.41856209150326795
blood,SMOTE,RF,0.5592199938503942,0.1833186467942766,0.18540644456035593,0.385797537344568,0.3704862010299418,0.41104575163398693
blood,SMOTE,SGD-LR,0.41574523070096703,0.13176274278184397,0.1846707918386471,0.3387723172510173,0.2799624169768945,0.6075163398692811
blood,SMOTE,SVM,0.615418629320792,0.18685815515662887,0.20907973598233315,0.43777192775430385,0.33922829967001467,0.6281699346405228
blood,SMOTE,XGBoost,0.569239241517225,0.20313038069356668,0.20492859120899426,0.39789370907224897,0.3856284024316869,0.4187581699346405
cardiotocography,Original,AdaBoost,0.6464570523219354,0.5606878863515726,0.59562926619164,0.5656190476190477,0.8033333333333332,0.475
cardiotocography,Original,CART,0.6902003317091788,0.5409151311365036,0.5598736793758106,0.5482698412698412,0.655,0.52
cardiotocography,Original,GB,0.6964141860956591,0.6059003190174522,0.6347580321561044,0.6110634920634921,0.816,0.5266666666666666
cardiotocography,Original,KNN,0.35166985251645577,0.2834202208571223,0.3167009016269752,0.2886666666666667,0.51,0.21166666666666664
cardiotocography,Original,NB,0.8379936537473921,0.20549254726752378,0.30166228070360807,0.2319131339788585,0.1369850396208326,0.8016666666666667
cardiotocography,Original,RF,0.5657340353566294,0.5160106564444092,0.5630335740769247,0.5194285714285715,0.84,0.39833333333333326
cardiotocography,Original,SGD-LR,0.4200420688523844,0.24893879857444556,0.2672942666704497,0.25734307359307357,0.27391810966810964,0.32
cardiotocography,Original,SVM,0.0,0.0,0.0,0.0,0.0,0.0
cardiotocography,Original,XGBoost,0.7377537626043665,0.6585796930088127,0.6857738463041255,0.6630634920634921,0.861,0.5783333333333333
cardiotocography,RN-SMOTE,AdaBoost,0.8396697836160412,0.5633907319244676,0.5868630406753267,0.5736222666222666,0.5053982683982684,0.7366666666666667
cardiotocography,RN-SMOTE,CART,0.722571104986896,0.5303529053182596,0.5414926413268532,0.5391990231990232,0.5443333333333333,0.5783333333333333
cardiotocography,RN-SMOTE,GB,0.7897415289742237,0.6644171104747852,0.6798247077347347,0.6703650793650793,0.755,0.6483333333333333
cardiotocography,RN-SMOTE,KNN,0.7979178490997008,0.42011894616928325,0.4584496464998976,0.4354404419110301,0.32545598845598844,0.705
cardiotocography,RN-SMOTE,NB,0.7961292038407121,0.14597300017402776,0.24266796589848905,0.17540905068064866,0.09964225029057266,0.775
cardiotocography,RN-SMOTE,RF,0.7428091279045134,0.659160271040856,0.6816974921151129,0.6637777777777778,0.8243333333333334,0.5966666666666667
cardiotocography,RN-SMOTE,SGD-LR,0.7566354069488448,0.2853269456044849,0.34972236954827346,0.3055849025351214,0.241946202042004,0.6983333333333333
cardiotocography,RN-SMOTE,SVM,0.8246568899891367,0.247171902064374,0.3294811658070177,0.271078007927389,0.1685175551972552,0.7616666666666667
cardiotocography,RN-SMOTE,XGBoost,0.7794122588063821,0.6817906045751859,0.7007513802615515,0.6869047619047619,0.8086666666666666,0.6433333333333333
cardiotocography,SMOTE,AdaBoost,0.8231045635249015,0.5462303403517226,0.5680881064768117,0.5565708735708735,0.4874523809523809,0.7133333333333333
cardiotocography,SMOTE,CART,0.7151399188127899,0.5201390689432815,0.5314472933727096,0.5294285714285715,0.549047619047619,0.555
cardiotocography,SMOTE,GB,0.7798899310380617,0.6618901485767911,0.677345094435368,0.6677460317460318,0.755,0.6433333333333333
cardiotocography,SMOTE,KNN,0.7975281010595789,0.4116854488817234,0.4514077590846406,0.427311903782492,0.315027417027417,0.705
cardiotocography,SMOTE,NB,0.8029797936471493,0.1469873396251021,0.24621548362633652,0.1764379358467288,0.10000205809453522,0.79
cardiotocography,SMOTE,RF,0.708450910098686,0.6204963936487672,0.6449684675373223,0.6253015873015874,0.7959999999999999,0.5566666666666666
cardiotocography,SMOTE,SGD-LR,0.7410159621325343,0.22681169558575928,0.2938235673685752,0.2500835397057095,0.1876191809831547,0.7066666666666667
cardiotocography,SMOTE,SVM,0.8239983232145113,0.2428278847842969,0.32594769068498747,0.26692548096252083,0.16512401909799151,0.7616666666666667
cardiotocography,SMOTE,XGBoost,0.7618310390546847,0.6578417846843821,0.6798284924226625,0.663047619047619,0.799,0.6183333333333333
climate,Original,AdaBoost,0.6980107598699742,0.578767320069702,0.6082660222724211,0.6040707070707071,0.8016666666666667,0.527
climate,Original,CART,0.598272257726499,0.39172651910819467,0.4026510980499639,0.4366571761571761,0.47906709956709953,0.43799999999999994
climate,Original,GB,0.5753748028638871,0.45033916291777104,0.4821927037959491,0.4777965367965368,0.6916666666666668,0.396
climate,Original,KNN,0.0,-0.006030037270205314,-0.0076707310081484004,0.0,0.0,0.0
climate,Original,NB,0.622048324969631,0.541058026669645,0.5916051155689551,0.5601746031746031,0.895,0.43799999999999994
climate,Original,RF,0.1620918297406651,0.11917162955355343,0.1565572803684874,0.1260952380952381,0.34,0.07800000000000001
climate,Original,SGD-LR,0.11514973843546386,0.05462528893525562,0.07138090487082818,0.07444303631195388,0.12103934858886867,0.135
climate,Original,SVM,0.0,0.0,0.0,0.0,0.0,0.0
climate,Original,XGBoost,0.6707844442888086,0.56411028793979,0.605241271845616,0.5870397380397381,0.8478333333333333,0.496
climate,RN-SMOTE,AdaBoost,0.8177886597732785,0.47492345452470347,0.5083679275320029,0.532687070067875,0.42850771450771447,0.758
climate,RN-SMOTE,CART,0.6350649042205269,0.3573631865406973,0.36850183597754355,0.4151447441447441,0.3831825396825397,0.489
climate,RN-SMOTE,GB,0.8124849633541595,0.5799825600194988,0.5967413244591627,0.6192981462981463,0.5831367521367521,0.7140000000000001
climate,RN-SMOTE,KNN,0.4129063321274165,-0.027304749169772054,-0.0477216420341076,0.12076117915374551,0.071366275897042,0.40399999999999997
climate,RN-SMOTE,NB,0.8326065805913895,0.5878196369708878,0.6087879492704662,0.6272443928620399,0.5718953823953824,0.7559999999999999
climate,RN-SMOTE,RF,0.624716822193006,0.4880950469797194,0.5074112768795935,0.5174819624819624,0.6472857142857142,0.469
climate,RN-SMOTE,SGD-LR,0.42937511412923857,0.1630164765799267,0.22191391178355638,0.24933474175137588,0.24280479287521053,0.657
climate,RN-SMOTE,SVM,0.2891828835444553,-0.07228262325800407,-0.12996295588580092,0.07761745702498128,0.047458280392828546,0.254
climate,RN-SMOTE,XGBoost,0.7954265050138476,0.6154803901002607,0.6305572698187634,0.647911088911089,0.6753730158730158,0.6759999999999999
climate,SMOTE,AdaBoost,0.8024585418382603,0.4632590371397508,0.49359592691245874,0.5212675190306769,0.42032900432900433,0.732
climate,SMOTE,CART,0.6844912999151278,0.3975368188740211,0.41101805253943907,0.45606544435956203,0.4240555555555555,0.539
climate,SMOTE,GB,0.8064547797244418,0.580337892617661,0.5952335772737368,0.6187670107670108,0.5851825396825396,0.705
climate,SMOTE,KNN,0.42185109012995453,-0.023297025135634263,-0.038753578554741624,0.12510812225627835,0.07331763670039415,0.43700000000000006
climate,SMOTE,NB,0.8030962208571306,0.5743651672062755,0.592016866970662,0.6132844932844933,0.5873650793650793,0.7020000000000001
climate,SMOTE,RF,0.6557117886594424,0.5025940841012144,0.5233113416946913,0.5341645021645022,0.6712857142857144,0.484
climate,SMOTE,SGD-LR,0.507748816438826,0.2517478700299873,0.3023065450518899,0.31953857457677853,0.3499340006684342,0.59
climate,SMOTE,SVM,0.3012128388499361,-0.06873676626996245,-0.12628540254170267,0.08107463724113773,0.04852162941223745,0.27
climate,SMOTE,XGBoost,0.7980911485607701,0.6218818131159487,0.640015059733639,0.6531148296148297,0.6963766233766233,0.6779999999999999
ilpd,Original,AdaBoost,0.4620925814423626,0.1629420731922805,0.1856375528700524,0.3213711703879579,0.5057957940752058,0.26544117647058824
ilpd,Original,CART,0.5660916942499539,0.18800772621906123,0.1904280609731973,0.42204028781173286,0.4190344146936555,0.43625
ilpd,Original,GB,0.5054189231261815,0.1813389113299083,0.1904474811683681,0.36552468222802653,0.4668408114073749,0.31139705882352936
ilpd,Original,KNN,0.5015916298725419,0.13544061418645997,0.13866867927505772,0.35278344981989884,0.40350637460234984,0.3211764705882353
ilpd,Original,NB,0.6154846555433909,0.25083202153196565,0.35390321509101275,0.5553949592412881,0.39249242586310223,0.9557352941176469
ilpd,Original,RF,0.518204072216143,0.2058695194886238,0.2151178590710337,0.384160449256772,0.48473822582646114,0.32955882352941174
ilpd,Original,SGD-LR,0.23239392928562647,0.06678612046686051,0.0886865522196468,0.2103606344277275,0.20597355256235986,0.3171323529411765
ilpd,Original,SVM,0.0,0.0,0.0,0.0,0.0,0.0
ilpd,Original,XGBoost,0.5637173238483556,0.23708446589458987,0.24363092211887014,0.42860319699784905,0.4933372577714683,0.3917647058823529
ilpd,RN-SMOTE,AdaBoost,0.6738125749654487,0.30125370371474786,0.3288466340323966,0.5512176731531939,0.44384257903014607,0.7369117647058823
ilpd,RN-SMOTE,CART,0.5678454928332873,0.189161053817682,0.1925931519482198,0.425065208377702,0.41976029452069297,0.44529411764705884
ilpd,RN-SMOTE,GB,0.640455130413894,0.26366969797251144,0.27384101275767303,0.5065843962071379,0.4417045018471412,0.6049264705882353
ilpd,RN-SMOTE,KNN,0.6235566880525383,0.2230871924510518,0.23642470045692268,0.487373622610005,0.41049326446621004,0.6091176470588235
ilpd,RN-SMOTE,NB,0.6434035971008122,0.2781217416478277,0.3698847944580254,0.5668631893187408,0.40769259707039474,0.9377941176470589
ilpd,RN-SMOTE,RF,0.6267938505097852,0.28509900805503424,0.2893862617207649,0.49378639540955505,0.482722819887371,0.5190441176470588
ilpd,RN-SMOTE,SGD-LR,0.4684554217870657,0.19062575619759342,0.23607263175450185,0.38250822140356655,0.4154946849689359,0.514485294117647
ilpd,RN-SMOTE,SVM,0.6358400526116289,0.24717122195749727,0.30510135369575214,0.5395542898519647,0.3994545451052352,0.8392647058823529
ilpd,RN-SMOTE,XGBoost,0.6154826874143948,0.27880447179959916,0.2829517670658292,0.48350032304915835,0.49111149519704506,0.49044117647058827
ilpd,SMOTE,AdaBoost,0.6536342950714594,0.27306046551816815,0.2917731351880211,0.5250545519624601,0.4359563995640463,0.6718382352941177
ilpd,SMOTE,CART,0.5883101592638003,0.21463047798869225,0.2165608406897098,0.4467911417421828,0.43461545475433616,0.4668382352941176
ilpd,SMOTE,GB,0.5976478792706228,0.22682841324027958,0.23118174811735429,0.4583375856007599,0.4371079323034095,0.4961764705882353
ilpd,SMOTE,KNN,0.6287272548162417,0.22898061364522512,0.24314644389426973,0.4941808006585039,0.4120113616930336,0.6248529411764706
ilpd,SMOTE,NB,0.6293948666657001,0.26360583651744757,0.35976568027291533,0.5603673670793407,0.39993759495895276,0.94375
ilpd,SMOTE,RF,0.6183934139693051,0.27735082186359433,0.28132242262491,0.48514547546284853,0.48590305280337587,0.49904411764705886
ilpd,SMOTE,SGD-LR,0.5041964385107949,0.19070197962974259,0.22887129220613547,0.44721576597856516,0.3861578106049731,0.6463970588235294
ilpd,SMOTE,SVM,0.635348016944752,0.2465858676298023,0.30544810017264834,0.5398127499040563,0.3987259458370764,0.8427941176470588
ilpd,SMOTE,XGBoost,0.6113884772116989,0.272155661042478,0.27545183865905726,0.4779162054268571,0.49048391910732064,0.4776470588235294
internet_ads,Original,AdaBoost,0.6191415170449972,0.524573779857082,0.5479560117627327,0.5308333333333334,0.6895833333333333,0.4708333333333333
internet_ads,Original,CART,0.4515209884758205,0.3422668500505611,0.34473341321363227,0.34964285714285714,0.36,0.35
internet_ads,Original,GB,0.5690879497902882,0.46147427793532697,0.4807537581061271,0.46761904761904766,0.6,0.41666666666666663
internet_ads,Original,KNN,0.41620919657044136,0.34985437775987416,0.39353478391587887,0.35428571428571426,0.6416666666666667,0.25416666666666665
internet_ads,Original,NB,0.8600666119907545,0.4439879449003158,0.49241006991468395,0.4591791541791542,0.3351641414141414,0.7833333333333333
internet_ads,Original,RF,0.6965546217042222,0.6510273967363474,0.6760305317011845,0.6545238095238095,0.8583333333333334,0.5541666666666667
internet_ads,Original,SGD-LR,0.7343816935565204,0.6796562900133611,0.6979138245325378,0.6830952380952381,0.825,0.6166666666666667
internet_ads,Original,SVM,0.4592575476900721,0.40817743135085394,0.4462448413924407,0.41166666666666674,0.675,0.3083333333333333
internet_ads,Original,XGBoost,0.6623671786128622,0.5512023960736495,0.5766115814910311,0.5576190476190476,0.7333333333333333,0.4875
internet_ads,RN-SMOTE,AdaBoost,0.6875872493616255,0.5540589554525716,0.5664698208468977,0.5614285714285714,0.5945833333333332,0.5791666666666666
internet_ads,RN-SMOTE,CART,0.5382503008913192,0.4221016287459392,0.43498554220538554,0.42964285714285716,0.5125,0.4
internet_ads,RN-SMOTE,GB,0.7062032336756235,0.6267841421753477,0.636258731849488,0.6321428571428571,0.6599999999999999,0.6416666666666666
internet_ads,RN-SMOTE,KNN,0.8030912620524168,0.5616338930331259,0.5751468691339179,0.5710714285714286,0.5205952380952381,0.675
internet_ads,RN-SMOTE,NB,0.8600666119907545,0.4439879449003158,0.49241006991468395,0.4591791541791542,0.3351641414141414,0.7833333333333333
internet_ads,RN-SMOTE,RF,0.726631853796295,0.67578119001165,0.6920454196022705,0.6792857142857143,0.8208333333333334,0.6041666666666667
internet_ads,RN-SMOTE,SGD-LR,0.7512465699509882,0.63520530507851,0.6485283938374274,0.6401190476190476,0.6849999999999999,0.65
internet_ads,RN-SMOTE,SVM,0.6986193745570868,0.5825995506295386,0.6022086557850944,0.5878571428571429,0.6858333333333333,0.5708333333333333
internet_ads,RN-SMOTE,XGBoost,0.6614921357281335,0.5775584738840884,0.596608636666885,0.583452380952381,0.7166666666666667,0.5291666666666666
internet_ads,SMOTE,AdaBoost,0.6755722192538129,0.5420491590824913,0.5581922614600676,0.5494047619047618,0.6012500000000001,0.5625
internet_ads,SMOTE,CART,0.5395479724040277,0.42133244204361253,0.43246658436345137,0.42892857142857144,0.5,0.4041666666666666
internet_ads,SMOTE,GB,0.7065574345196347,0.6413365672827948,0.6473242961910146,0.6464285714285715,0.675,0.6416666666666666
internet_ads,SMOTE,KNN,0.8120890845121694,0.5676133222358493,0.5825401175154483,0.5770238095238095,0.5214285714285715,0.6916666666666667
internet_ads,SMOTE,NB,0.8600666119907545,0.4439879449003158,0.49241006991468395,0.4591791541791542,0.3351641414141414,0.7833333333333333
internet_ads,SMOTE,RF,0.717613177749239,0.67292807986405,0.6895775243555144,0.6764285714285714,0.8333333333333334,0.5875
internet_ads,SMOTE,SGD-LR,0.751101512283617,0.6303357171838352,0.6448037016064841,0.6353571428571428,0.6799999999999999,0.65
internet_ads,SMOTE,SVM,0.6986193745570868,0.5825995506295386,0.6022086557850944,0.5878571428571429,0.6858333333333333,0.5708333333333333
internet_ads,SMOTE,XGBoost,0.6465871435886404,0.5530835203616582,0.5789553791819101,0.5588095238095238,0.7133333333333333,0.5125
lymphography,Original,AdaBoost,0.35560633092820554,0.46582860786591057,0.32234411832889387,0.32333333333333336,0.3066666666666667,0.36
lymphography,Original,CART,0.5,0.8064516129032258,0.5,0.5,0.5,0.5
lymphography,Original,GB,0.4778174466995659,0.7634146341463415,0.4608831086321548,0.46,0.45,0.48
lymphography,Original,KNN,0.0,0.0,0.0,0.0,0.0,0.0
lymphography,Original,NB,0.3934237776277715,0.4471753983949106,0.33903408761416104,0.3433333333333334,0.31666666666666665,0.4
lymphography,Original,RF,0.3,0.5,0.3,0.3,0.3,0.3
lymphography,Original,SGD-LR,0.3578174466995659,0.5237369337979094,0.338025965775012,0.34,0.33,0.36
lymphography,Original,SVM,0.0,0.0,0.0,0.0,0.0,0.0
lymphography,Original,XGBoost,0.19854496446637726,0.3065621370499419,0.18582683432619845,0.18666666666666665,0.18,0.2
lymphography,RN-SMOTE,AdaBoost,0.42,0.6363636363636364,0.42,0.42,0.42,0.42
lymphography,RN-SMOTE,CART,0.3178174466995659,0.3902897487621493,0.2994545372035834,0.3,0.29,0.32
lymphography,RN-SMOTE,GB,0.41778888422863963,0.6692863595302619,0.4043181525538819,0.4033333333333334,0.39666666666666667,0.42
lymphography,RN-SMOTE,KNN,0.47490737563232044,0.5229030339083879,0.4353939201416946,0.43333333333333335,0.41,0.48
lymphography,RN-SMOTE,NB,0.3926962598609601,0.4406305259963796,0.33542635840986224,0.33666666666666667,0.3066666666666667,0.4
lymphography,RN-SMOTE,RF,0.4,0.6666666666666666,0.4,0.4,0.4,0.4
lymphography,RN-SMOTE,SGD-LR,0.3178174466995659,0.4612369337979094,0.29802596577501195,0.3,0.29,0.32
lymphography,RN-SMOTE,SVM,0.3992724822331886,0.609102787456446,0.3907705600202421,0.39333333333333337,0.39,0.4
lymphography,RN-SMOTE,XGBoost,0.4,0.6619047619047619,0.39714285714285713,0.4,0.4,0.4
lymphography,SMOTE,AdaBoost,0.42,0.65625,0.42,0.42,0.42,0.42
lymphography,SMOTE,CART,0.37781744669956585,0.46923711718320193,0.3594545372035834,0.36,0.35,0.38
lymphography,SMOTE,GB,0.3570613664618283,0.5570912375790424,0.3379458554312669,0.33666666666666667,0.32666666666666666,0.36
lymphography,SMOTE,KNN,0.49490737563232046,0.5472932778108268,0.45539392014169455,0.45333333333333337,0.43,0.5
lymphography,SMOTE,NB,0.3926962598609601,0.4406305259963796,0.33542635840986224,0.33666666666666667,0.3066666666666667,0.4
lymphography,SMOTE,RF,0.3,0.5,0.3,0.3,0.3,0.3
lymphography,SMOTE,SGD-LR,0.3192724822331886,0.48410278745644597,0.31077056002024206,0.3133333333333333,0.31,0.32
lymphography,SMOTE,SVM,0.3992724822331886,0.609102787456446,0.3907705600202421,0.39333333333333337,0.39,0.4
lymphography,SMOTE,XGBoost,0.3,0.49523809523809526,0.29714285714285715,0.3,0.3,0.3
qsar,Original,AdaBoost,0.8081868725019862,0.6246698171513144,0.6268215980194589,0.7505418634398812,0.7575103198388204,0.7482380952380953
qsar,Original,CART,0.78096531680976,0.5700796755367697,0.5720005092505799,0.7144414626459995,0.7163714867612887,0.7166666666666667
qsar,Original,GB,0.8332595921309565,0.6929882599194592,0.6971206594612596,0.7907531276231603,0.8364903226442132,0.7542539682539683
qsar,Original,KNN,0.8011542092316551,0.5986412398555547,0.6011478172576172,0.7374851561684378,0.7208349437126305,0.7592539682539683
qsar,Original,NB,0.749096955998075,0.4579236472965683,0.5171235384791568,0.6898443262828884,0.5460809082253807,0.9391904761904761
qsar,Original,RF,0.8373784983550489,0.7027321243194136,0.7068342987660824,0.7972417111651683,0.8464512431681872,0.7570952380952382
qsar,Original,SGD-LR,0.7657337211636956,0.5727031605681087,0.6021773549170095,0.7069409356266734,0.7592328794964576,0.7374603174603175
qsar,Original,SVM,0.7592590055292842,0.5752613742874225,0.5860663357665884,0.7019985681372763,0.7972987168319489,0.634063492063492
qsar,Original,XGBoost,0.8400447097243052,0.7006427262234521,0.7037709329379706,0.7974238076585416,0.8316440761434408,0.7700476190476191
qsar,RN-SMOTE,AdaBoost,0.8206797651532699,0.6149149525136285,0.6221298543654821,0.7561547443415148,0.6987576485564025,0.8274444444444444
qsar,RN-SMOTE,CART,0.8046932626383538,0.617311580475415,0.6191749436520033,0.7452955139107309,0.7503006770942457,0.7443809523809525
qsar,RN-SMOTE,GB,0.8583817525187909,0.7128190745118144,0.7148385511863908,0.8113994936420461,0.7993352894250192,0.8273809523809524
qsar,RN-SMOTE,KNN,0.7934177001529591,0.553917328929158,0.5648275435966044,0.7218535154484204,0.6490211891984096,0.8161428571428572
qsar,RN-SMOTE,NB,0.765319206941422,0.48562646617072014,0.5378736745174421,0.7027866695522661,0.5646087359394679,0.9341587301587302
qsar,RN-SMOTE,RF,0.8507041368697397,0.7147803016067925,0.7167338440045069,0.8085277340152344,0.8291886665112016,0.791968253968254
qsar,RN-SMOTE,SGD-LR,0.7667994091417945,0.566780843250537,0.5990562786281631,0.7124599245543157,0.7425466549544218,0.7616507936507937
qsar,RN-SMOTE,SVM,0.8196106865752977,0.602343522775624,0.6157398456396741,0.7530479890028423,0.6739834058489845,0.8571904761904762
qsar,RN-SMOTE,XGBoost,0.8461376585100315,0.7028387441971438,0.7049442233327657,0.8014105501625859,0.8164658171260325,0.7908253968253969
qsar,SMOTE,AdaBoost,0.8140940888640104,0.6089171201758075,0.6139344942621213,0.7496672627660036,0.7052688401936911,0.8038095238095238
qsar,SMOTE,CART,0.8023081809840087,0.6010334952793268,0.6035791784316021,0.7389749108260801,0.7224728960492754,0.7605873015873016
qsar,SMOTE,GB,0.8488241881477928,0.7029576189598872,0.7046959109238806,0.802527987571642,0.8072655606108674,0.8013650793650794
qsar,SMOTE,KNN,0.7959440476427853,0.5545677301918505,0.5686868489068919,0.7246170407793585,0.642468349501955,0.8340793650793651
qsar,SMOTE,NB,0.7633860794828464,0.48182691638137015,0.5336479064450799,0.7005609657038241,0.5626217123691328,0.9313492063492064
qsar,SMOTE,RF,0.8487960075779045,0.711984462332189,0.7141889245313373,0.8064902614170226,0.8291723564559197,0.7885079365079365
qsar,SMOTE,SGD-LR,0.7850337784808019,0.5989220534942907,0.6238109885488763,0.7290070411645734,0.7648477063374781,0.7581111111111112
qsar,SMOTE,SVM,0.8124176585983939,0.5857000997842691,0.6012952445500719,0.7442305947750301,0.659299156628635,0.8583174603174604
qsar,SMOTE,XGBoost,0.8450459931322197,0.701858816617082,0.7040982587725826,0.8003647154402916,0.8174800153658933,0.7879999999999999
stamps,Original,AdaBoost,0.3986936331800242,0.5690835655197737,0.3789926452919316,0.37666666666666665,0.36666666666666664,0.4
stamps,Original,CART,0.3183684082535428,0.4363211588443235,0.29223814549807003,0.29,0.27666666666666667,0.32
stamps,Original,GB,0.3190188581065056,0.45740152775077936,0.30441381175245996,0.30333333333333334,0.2966666666666667,0.32
stamps,Original,KNN,0.0,-0.0037173579109062915,-0.0026021505376344054,0.0,0.0,0.0
stamps,Original,NB,0.5986991002940744,0.8173913043478261,0.5756486674912202,0.5733333333333334,0.56,0.6
stamps,Original,RF,0.3983684082535428,0.5585433810665457,0.37290481216473664,0.37,0.35666666666666663,0.4
stamps,Original,SGD-LR,0.31835747478502774,0.40924139044311814,0.29067928066284227,0.29,0.27666666666666667,0.32
stamps,Original,SVM,0.0,0.0,0.0,0.0,0.0,0.0
stamps,Original,XGBoost,0.3780431833270614,0.5177001663102875,0.3468169790375417,0.3433333333333334,0.32666666666666666,0.38
stamps,RN-SMOTE,AdaBoost,0.3983574747850277,0.5575510603301463,0.37225191974468524,0.37,0.35666666666666663,0.4
stamps,RN-SMOTE,CART,0.3983684082535428,0.5575332800564448,0.37223814549807005,0.37,0.35666666666666663,0.4
stamps,RN-SMOTE,GB,0.3990188581065056,0.5796237499730016,0.38508047841912657,0.38333333333333336,0.37666666666666665,0.4
stamps,RN-SMOTE,KNN,0.5947070932032004,0.6037609588904154,0.5203640912032379,0.5113333333333333,0.475,0.6
stamps,RN-SMOTE,NB,0.5586991002940743,0.760248447204969,0.5356486674912202,0.5333333333333333,0.52,0.56
stamps,RN-SMOTE,RF,0.4783684082535428,0.6797555022786669,0.45290481216473666,0.45,0.43666666666666665,0.48
stamps,RN-SMOTE,SGD-LR,0.5937431436238044,0.6398611200396004,0.5021047335815105,0.49133333333333334,0.445,0.6
stamps,RN-SMOTE,SVM,0.5960309376832202,0.6627166966669485,0.5402962246247719,0.5333333333333333,0.5066666666666666,0.6
stamps,RN-SMOTE,XGBoost,0.49672588303857057,0.6246678465887705,0.44580189319974445,0.44,0.41333333333333333,0.5
stamps,SMOTE,AdaBoost,0.3983574747850277,0.5575510603301463,0.37225191974468524,0.37,0.35666666666666663,0.4
stamps,SMOTE,CART,0.3983684082535428,0.5575332800564448,0.37223814549807005,0.37,0.35666666666666663,0.4
stamps,SMOTE,GB,0.3990188581065056,0.5796237499730016,0.38508047841912657,0.38333333333333336,0.37666666666666665,0.4
stamps,SMOTE,KNN,0.5947070932032004,0.6037609588904154,0.5203640912032379,0.5113333333333333,0.475,0.6
stamps,SMOTE,NB,0.5386991002940743,0.7316770186335404,0.5156486674912202,0.5133333333333333,0.5,0.54
stamps,SMOTE,RF,0.4983684082535428,0.7100585325816972,0.4729048121647367,0.47,0.45666666666666667,0.5
stamps,SMOTE,SGD-LR,0.5933949739232287,0.6370392955024706,0.5004360995415613,0.4893333333333333,0.44333333333333336,0.6
stamps,SMOTE,SVM,0.5960309376832202,0.6627166966669485,0.5402962246247719,0.5333333333333333,0.5066666666666666,0.6
stamps,SMOTE,XGBoost,0.49672588303857057,0.6246678465887705,0.44580189319974445,0.44,0.41333333333333333,0.5
wbc,Original,AdaBoost,0.457277276234652,0.3873468292274734,0.3970188370895371,0.3913333333333333,0.36166666666666664,0.46
wbc,Original,CART,0.555920412310993,0.4549711238751509,0.468560773959662,0.45904761904761904,0.41333333333333333,0.56
wbc,Original,GB,0.5390932270162114,0.514427824305848,0.5177151258224058,0.5166666666666666,0.5066666666666666,0.54
wbc,Original,KNN,0.4593244796623267,0.43939842770878434,0.4419487418595947,0.44,0.43,0.46
wbc,Original,NB,0.9776009475446155,0.5368653691746829,0.6093343168202104,0.5523809523809524,0.4086666666666667,1.0
wbc,Original,RF,0.5384126281539574,0.4996467644584313,0.5051421090871224,0.5013333333333333,0.485,0.54
wbc,Original,SGD-LR,0.5747590408459777,0.45594142722372344,0.47333189757290356,0.4623809523809524,0.41666666666666663,0.58
wbc,Original,SVM,0.0,0.0,0.0,0.0,0.0,0.0
wbc,Original,XGBoost,0.49750594497121964,0.43019870343638267,0.4393633018631827,0.43333333333333335,0.4033333333333334,0.5
wbc,RN-SMOTE,AdaBoost,0.616591390042394,0.5290590601752659,0.5414754114685593,0.5333333333333333,0.49666666666666665,0.62
wbc,RN-SMOTE,CART,0.6361366964050581,0.5440893143099977,0.557787853049914,0.5479999999999999,0.5116666666666666,0.64
wbc,RN-SMOTE,GB,0.5763653651416258,0.4851432087209272,0.4983343380255797,0.49,0.45333333333333337,0.58
wbc,RN-SMOTE,KNN,0.7934030114471013,0.6359501624366609,0.6585205113961975,0.6423809523809524,0.5766666666666667,0.8
wbc,RN-SMOTE,NB,0.978988559499693,0.5597315612237669,0.6277781970646822,0.5743809523809523,0.43366666666666664,1.0
wbc,RN-SMOTE,RF,0.6765913900423939,0.5890590601752659,0.6014754114685593,0.5933333333333334,0.5566666666666666,0.68
wbc,RN-SMOTE,SGD-LR,0.6563628111068772,0.5619089838039294,0.5749757610564402,0.5666666666666667,0.5266666666666666,0.66
wbc,RN-SMOTE,SVM,0.7938601693181349,0.6510340547953624,0.6719029339228506,0.6557142857142857,0.5966666666666667,0.8
wbc,RN-SMOTE,XGBoost,0.6959078720054481,0.5970688572408678,0.6115788963853496,0.6013333333333333,0.5616666666666666,0.7
wbc,SMOTE,AdaBoost,0.6154637301021335,0.5073310084609657,0.5235039044470273,0.5113333333333333,0.4683333333333334,0.62
wbc,SMOTE,CART,0.6361366964050581,0.5440893143099977,0.557787853049914,0.5479999999999999,0.5116666666666666,0.64
wbc,SMOTE,GB,0.5770485479134275,0.5023550737460887,0.5130699552073336,0.5066666666666666,0.4766666666666666,0.58
wbc,SMOTE,KNN,0.7934030114471013,0.6359501624366609,0.6585205113961975,0.6423809523809524,0.5766666666666667,0.8
wbc,SMOTE,NB,0.9792198121458084,0.5632061598023401,0.6304771814767175,0.5777142857142857,0.43699999999999994,1.0
wbc,SMOTE,RF,0.6563573676072946,0.5669614914481087,0.5798469629638382,0.5713333333333334,0.535,0.66
wbc,SMOTE,SGD-LR,0.6756843723264524,0.572437325012678,0.587339400162205,0.5766666666666667,0.534,0.68
wbc,SMOTE,SVM,0.7938601693181349,0.650589610350918,0.671458489478406,0.6557142857142857,0.5966666666666667,0.8
wbc,SMOTE,XGBoost,0.6761338969062163,0.5805402642507622,0.5942755253838846,0.5846666666666667,0.545,0.68
